0.340538242,0.30951029,0.055082038,0.622943719,0.106138008,0.24463963,0.003658864,0.01691217,0.395987589,1,0.027246388,0.992496105,0.879864801,0.772161657,0.137729759,0.210872636,0.729941865,0.417734701,6.403099347
0.566445499,0.967585993,0.212564011,0.014464134,0.683748769,0.003071487,0.012226958,0.053960028,0.251473993,1,0.81788957,0.812597766,0.353738749,0.814074077,0.295031285,0.886389375,0.567312109,0.435930024,2.78206625
0.260724997,0.649431771,0.001,1,0.348440405,0.19963455,0.006794902,0,0.043989001,0.026226251,0.98245192,1,0,0.947134593,0.536449732,1,0.250335938,0.366166221,17.5477422
0.556544349,0.56541405,0.363276306,0.173706179,1,0.03389371,0.014285714,0.099868589,0.995609693,1,0.699502868,0.083284221,0.590315085,0.276140054,0.209073617,0.416680979,0.938741823,0.772250645,9.150345906
0.248713753,0.56541405,0.363276306,0.989584979,1,0.183412212,0.014285714,0.005413638,0.999945654,1,0.647542097,0.083284221,0.58905654,0.233832409,0.209073617,0.117378449,0.938741823,0.772250645,9.150345906
0.576885785,1,0.153266358,0.246648117,0.520825586,1,0.044273052,0,0.157682231,0.97217631,0.467788466,1,0.116574879,0.563776213,0.27776907,1,0.51894833,0.322574701,11.36069706
0.286594011,0.269526519,0.032147196,0.335838767,0.287282567,0.995220096,0.012861385,0.027775952,0.108822807,1,0.393211034,0.921273784,0.688875828,0.924556034,0.475668885,0.620222696,0.560182815,0.388439166,10.04628716
0.341497549,0.30951029,0.006134735,0.622943719,0.463971376,0.24463963,0.003658864,0.015797997,0.395987589,1,0.027246388,0.992857743,0.879864801,0.992718407,0.137729759,0.210872636,0.729941865,0.417734701,6.403099347
0.259436678,0.879165086,0.001539026,0.991011871,0.015080741,0.15142209,0.099969526,0.021911882,0.992759638,0.009594384,0.151273654,0.011160514,0,0.989055063,0.639279864,0.109577436,0.85443968,0.444097089,15.5235987
0.984922241,0.620178396,0.843550195,0.863190564,0.279011647,0.798413722,0.019483238,0.000104547,0.651373987,0.757055685,0.468986928,0.585466597,0.339160687,0.985942859,0.171934425,0.147066193,0.859401207,0.665285768,16.65614067
0.386923719,0.517173484,0.017278129,1,0.001,0.202158226,0,0.010251322,0.988263803,1,0.030371205,0.990103945,0.035272302,0.618450031,0.218301649,0.126927865,0.267665479,0.593641111,3.262491446
1,0.997750406,0.999005774,0.035084771,0.072892674,1,0.001312796,0.000326856,0.987603254,1,0.894486338,1,0.353647972,1,0.485936322,0.114295936,0.691414813,0.620167242,15.90783387
0.117648163,0.53913006,0.282515831,0.996208804,0.011050023,0.011157111,0.05125092,1.99414E-05,0.659702893,0.028982432,0.221308276,0.875445846,0.338393365,0.316102835,0.068855006,0.075763755,0.586047466,0.665285768,13.55233687
0.429778103,0.009308827,0.010812511,0.046331211,0.980149479,0.257122804,0.090494662,0.010694424,0.892952209,0.475008786,0.616788144,0.106578298,0.224579443,0.598675914,0.009079351,0.385920547,0.890580157,0.494273153,8.434177521
0.14748427,0.619381446,0.046936359,0.17212761,0.29391397,0.714902054,0.052636367,0.000691869,0.670292153,0.113198051,0.944106722,0.890663868,0.847808021,0.636857464,0.2730671,0.15286999,0.560640631,0.754948621,3.029436803
0.699889867,0.253201258,0.012635388,0.827409992,0.226203155,0.002753972,0.087458841,0.00884896,0.67699452,0.114477418,0.996542492,0.677103327,0.983577356,0.713229015,0.457177899,0.356370173,0.85709689,0.541785727,15.23147308
0.127175189,0.746864935,0.001006281,0.270159173,0.999928592,0.674714241,0.076407701,0.010793177,0.999949334,0.262778489,0.942767858,0.960324385,0.152570615,0.424148861,0.365659303,0.439802314,0.886991408,0.637971893,9.229317124
0.175936608,0.959662133,0.001008919,0.031176346,0.609110193,0.819617893,0.089479278,0.023348682,0.996561085,0.398114253,0.853853017,0.957464211,0.065052801,0.744836355,0.374674543,0.239268235,0.97726985,0.335889771,8.181109136
0.667552767,0.564612017,0.057140572,0.720101261,0.148772971,0.274736562,0.048771193,0.001477423,0.021875509,0.97406474,0.880189308,0.995897915,0.002889245,0.440708351,0.144025172,0.219038307,0.793331055,0.258160773,6.229592352
0.522869396,0.56541405,0.332929673,0.173706179,1,0.03389371,0.000116118,0.005143625,0.995663052,1,0.166254621,0.082615632,0.998514781,0.995127101,0.209073617,0.41673506,0.938741823,0.772250645,10.70904168
0.107654431,0.202508392,0.015071398,0.511099299,0.714288809,0.535547633,0.004007106,0.000211786,0.94406655,0.001,0.417040521,0.839001061,0.369276211,0.042950969,0,0.144761844,0.711985636,11.13864818,5.586096794
0.532451029,0.708384097,0.038336924,0.600782955,0.259892321,0.265535416,0.058982305,0.001742911,0.652019313,0.957507174,0.182882945,0.9738682,0.303377022,0.806858282,0.659245045,0.234376544,0.701143738,0.660355841,15.33852521
0.144334311,0.367873071,0.001242147,0.574495337,0.059426878,0.001,0.073067561,0.00346051,0.645746877,0.541591105,0.113377539,0.949346607,0,0.61322824,0.434672545,0.31267813,0.818349764,0.697147693,8.242652243
0.637621413,0.11303943,0.001277219,0.641271273,0.991840251,0.303255705,0.046655138,0.006585628,0.998771425,0.874827482,0.729666126,0.018306106,0.552856224,0.951871633,0.157209051,0.167811455,0.986806065,0.42409636,13.72955619
1,0.079523587,0.14134557,0.287331613,0.077811782,0.483825406,0,0.01973315,0.001,1,0.203072998,1,0.763873084,1,0.485936322,0.658485624,0.695273288,0.209325042,15.93845885
0.248713753,0.791865166,0.303094272,0.654507163,0.945509145,0.183412212,0.0123974,0.005413638,0.996537785,1,0.142876618,0.098077493,0.064856597,0.532647892,0.209073617,0.547295596,0.99941194,0.772250645,8.032290254
0.157383672,0.723008442,0.002134703,0.785382742,0.309483206,0.132999829,0.082891947,0.018895958,0.996459784,0.908253147,0.536220715,0.119545303,0.844442029,0.607307059,0.003013181,0.067596364,0.868117973,0.637591516,0.308789928
0.184392003,0.005232743,0.002455112,0.765042323,0.038403229,0.033606331,0.082781328,0.072166354,0.997957952,0.998806471,0.539093306,0.987375806,0.006632805,0.756618558,0.572458678,0.063168956,0.592438887,0.346713511,2.530773307
0.134296831,0.565339011,0.001,1,0.457150949,0.118075463,0.012728148,0.000963515,0.220254771,0.011930215,0.977850176,0.98828378,0.480201537,0.988588351,0.539049375,0.161912751,0.844466521,0.346245189,18.50405308
0.150677763,0.739917294,0.001,0.902168317,0.101876803,0.621624154,0.064203139,0.000487456,0.93599767,0.200999172,0.974835808,0.182086704,0.919543433,0.59855164,0.304404468,0.431146992,0.868405982,0.639440955,18.74635629
0.194152689,0.632252737,0.001,1,0.271350401,0.771649063,0.046447192,0.007407331,0.660582064,0.497716587,0.673747524,1,0,0.172911403,0.062656283,0.009337524,0.978008951,0.535637586,8.013644177
0.570148348,0.425201216,1,0.429089527,1,0.035135294,0.004779586,0.063842954,0.99997112,1,1,1,0.983853917,0.995978117,0.496875301,0.463407148,1,0.413429716,9.563217652
0.373281755,0.306018701,0.054190977,0.377024573,0.106138008,0.247800458,0.006230783,0.001798723,0.395987589,1,0.932461311,0.982268955,0.885919852,0.772880413,0.137729759,0.20811401,0.729941865,0.4239417,7.252628991
0.208202143,0.68015186,1,0.684219729,0.451488096,0.050354988,0.000341349,0.000419198,0.650908633,1,0.001182806,1,0.908446616,0.946964099,0.231745868,0.450354691,1,0.690078092,2.892830353
0.598146128,0.725235532,0.002539328,0.785382742,0.983197126,0.127662577,0.058949299,0.00307282,0.637761785,0.982125242,0.470306536,0.815964048,0.909055783,0.607307059,0.001472373,0.412131338,0.868117973,0.638986547,15.4998566
0.412414748,0.651628884,0.046936359,0.256688361,0.300653553,0.714902054,0.052534321,0.000691869,0.671114648,0.491740106,0.946815734,0.127322143,0.839947835,0.623277332,0.2730671,0.15286999,0.96012598,0.491604472,3.029436803
0.522869396,0.567071154,0.002919965,0.173706179,1,0.585093538,0.000116118,0.005143625,0.258882567,1,0.166254621,0.092060086,0.998514781,0.980017659,0.211298939,0.077085857,0.938741823,0.772250645,10.70904168
0.699790815,0.402401057,0.001,0.169010034,0.117363145,0.857470938,0.022003221,0.024766928,0.852598483,1,0.1301165,0.881269576,0.297217425,0.935223209,0.371581638,0.091503593,0.42390839,0.602835407,6.605834726
0.127862347,0.720812308,0.03508235,0.827395624,0.993475042,0.001579718,0.007492851,2.66742E-05,0.659174414,0.991499039,0.556174578,0.998010839,0.003383705,0.958469324,0.39807426,0.154915658,0.859401207,0.343230586,2.752473755
0.710395974,0.954137776,0.012438061,0.029263243,0.241612681,0.002641542,0.000243406,0.027108269,0.97334997,1,0.982898594,0.679259746,0.338864495,0.711290685,0.486986944,0.883079402,0.886165506,0.491476704,10.08709508
0.600944781,0.366318173,0.006119969,0.71966655,0.402080795,0.126626215,0.082470011,0.019041945,0.637358392,0.737877006,0.422386025,0.815964048,0.909055783,0.584862074,0.001472373,0.412131338,0.868117973,0.638986547,15.31914459
0.72527032,0.954137776,0.079207292,0.029263243,0.953748901,0.959330523,0.000243406,0.027108269,0.973439526,1,0.983999064,0.668993968,0.338864495,0.718413053,0.032689984,0.883120872,0.886165506,0.491476704,10.11393481
0.799940324,0.099749517,0.005676229,0.797481501,0.842002978,0.5370147,0.082781328,0.006958352,0.996230823,0.878872048,0.540244647,0.112940707,0.958275966,0.98070673,0.445329456,0.071452647,0.983962485,0.521735789,2.517867821
0.989960851,0.313941025,0.142285452,0.746961418,0.077811782,1,0,0.01973315,0.038393493,1,0.203072998,1,0.763662029,0.98111691,0.485936322,0.693380853,0.627116574,0.40232829,10.04104193
0.893545079,0.772140897,0.001,0.001,0.794721302,0.001514458,0.037918477,0,0.001,0.159857731,0.423180466,0.519096307,0.029789419,0.978310437,0.02263337,0.161990801,0.449226408,0.43100399,10.41099954
0.72527032,0.954137776,0.013507363,0.029263243,0.379732645,0.959330523,0.000243406,0.028029796,0.973439526,1,0.983999064,0.668993968,0.329960502,0.718413053,0.032689984,0.883120872,0.884734628,0.491476704,9.433390178
0.671082472,0.425290039,0.85629391,0.861509934,0.404895501,0.10462453,0.017495281,0.000105016,0.65383759,0.735021979,0.49071083,0.560286526,0.339160687,0.987328587,0.175467535,0.200660197,0.999712346,0.665947719,17.37018704
0.192590438,0.725235532,0.002539328,0.00136906,0.983197126,0.032427286,0.059063365,0.00307282,0.637761785,0.982125242,0.473401322,0.815964048,0.915052757,0.535113203,0.001472373,0.412131338,0.697749905,0.638986547,0.703487517
0.918490688,0.725798728,0.015001053,0.323686969,0.074582457,0.759415895,0.012725733,0.025702653,0.996553643,1,0.393211034,0.921273784,0.636481158,0.808763043,0.028634161,0.305382083,0.560182815,0.410163874,4.90272138
0.649749096,0.965479347,0.046936359,0.278625802,0.273302581,0.714902054,0.062743582,0.000691869,0.689532181,0.491740106,0.970667895,0.127322143,0.039524489,0.758439442,0.27518291,0.206579136,0.96012598,0.494615418,4.515922363
0.570148348,0.699921671,0.066846185,0.429089527,0.557141678,0.615911419,0.004779586,0.063981359,0.996942307,1,0.997275467,0.997088814,0.983853917,0.995978117,0.496875301,0.463407148,1,0.501209798,9.563217652
0.340538242,0.005770604,0.055082038,0.597631528,0.077749203,0.462668099,0.000351864,0.077881372,0.978425725,1,0.999569367,0.992496105,0.052790061,0.994284373,0.706777923,0.209017082,0.737081136,0.417734701,2.900905704
0.422031467,0.188532872,0.986295461,0.836202641,0.706250862,0.5023048,0.00109246,0.093474107,0.978667188,1,0.012799286,0.491972739,0.02165834,0.678872227,0.986531161,0.029572535,0.618098288,12.61191206,14.97889474
0.767702333,0.967585993,0.201193367,0.014464134,0.705093717,0.001078689,0.012226958,0.053348054,0.251473993,1,0.81374369,0.812444301,0.353738749,0.814074077,0.119913252,0.195385493,0.218014706,0.467342716,11.07180857
0.134296831,0.028777448,0.001,0.985916803,0.457150949,0.118075463,0.012728148,0.000963515,0.035652174,0.001,0.977808051,0.98828378,0.480201537,0.976468262,0.539049375,0.161912751,0.890471921,0.494178944,18.5001255
0.652871144,0.295216246,0.006492302,0.810244576,0.279315082,0.487889756,0.064427755,0.000846835,0.635802883,0.041792046,0.971786741,0.849186957,0.08303204,0.94115416,0.409634405,0.150700583,0.718411013,0.528315632,6.827952505
0.120181391,0.007942376,0.303094272,0.654507163,0.986579901,0.57492674,0.000106901,0.011874411,0.999794875,1,0.143374155,0.098077493,0.994604343,0.502535417,0.316801033,0.547739587,0.564490576,0.846496395,8.032290254
1,0.990734803,0.182881101,0.035084771,0.092210979,0.910164815,0.001312796,0.069595587,0.987603254,1,0.849008666,0.854159021,0.339004989,0.999553256,0.027743187,0.114295936,0.691414813,0.622470037,15.90783387
0.122834543,0.01772685,0.280356354,0.861162748,0.011050023,0.268242363,0.063557566,0.000662962,0.653796247,0.028982432,0.540549779,0.567450894,0.338393365,0.317905127,0.170459609,0.077742868,0.586047466,0.665285768,18.42665247
0.71419258,0.069221035,0.14134557,0.686102868,0.102567117,0.693850094,0.001635244,0.019722799,0.001,1,0.203072998,0.996329856,0.046608669,0.998544598,0.486722028,0.558915533,0.695273288,0.209325042,15.67474724
0.659090836,0.966932126,0.002312725,0.998321903,0.490320409,0.086478016,0.067506894,0.000126248,0.998866831,0.876092542,0.487567374,0.334694082,0.274855525,0.945650685,0.101225345,0.205162668,0.98738972,0.613516797,3.29712898
0.698538368,0.751938699,0.003728051,0.989564083,0.387067065,0.756592747,0.090060613,0.000377203,0.999937703,0.985307627,0.989384974,0.001232484,0.874388592,0.451547422,0.016737667,0.356778219,0.740343676,0.609628044,9.573275902
0.41466742,0.72090128,0.025990234,0.060196734,0.999869465,0.034750847,0.07919781,0.0004446,0.959600415,0.990840145,0.716801689,0.969038886,0.614545396,0.107785074,0.000778114,0.14746747,0.54411378,0.334440459,2.444319746
0.642673533,0.862052009,0.651902377,1,0.765710222,0.366658939,0.01608206,0.000184199,0.966011178,1,0.119142343,0.124409683,0.498205651,0.810474888,0.09655244,0.364096124,0.575885648,0.829182089,4.652093604
0.889908135,0.220871627,0.03729463,0.759169612,0.79592948,0.426924969,0.000943394,0.009810025,0.852033224,1,0.488779831,0.314206035,0.190801878,0.94621261,0.251033664,0.471412228,0.614433755,0.596500912,7.818633351
0.193387976,0.025298651,0.003062765,0.052159687,0.432893765,0.81759661,7.37365E-05,0.000217589,0.999962829,0.921012535,0.440398686,0.412028159,0.227865357,0.604604046,0.113236749,0.38280549,0.928559739,0.380507448,2.955706955
0.939373996,0.015656521,0.015001053,0.320539126,0.074361156,0.763170639,0.001583642,0.01958498,0.984342531,1,0.393639242,0.928958885,0.761844883,0.925370271,0.475668885,0.089379632,0.695976055,0.623881398,10.04628716
0.163318798,0.151084038,0.001008919,0.00949841,0.052093187,0.011318405,0.069168551,0.000142367,0.999999946,0.251528142,0.440398686,0.443390004,0.242930244,0.604604046,0.221988729,0.38280549,0.646005134,0.506124368,9.377054518
0.122077535,0.550012176,0.005441988,0.395708657,0.0345626,0.276161021,0.095500427,0.02336521,0.996377129,0.080908199,0.150263148,0.999373127,0.621052379,0.240450383,0.009075321,0.008608611,0.099342397,0.467703625,0.012881677
0.669715661,0.013310621,0.010683606,0.785382742,0.981344599,0.50494321,0.004291406,0.018895958,0.999413548,1,0.5114929,0.978354847,0.093685947,0.717928672,0.001472373,0.369385086,0.498182196,0.637591516,11.78465666
0.802302336,0.001737406,0.003979652,0.785382742,0.496829525,0.125279003,0.058949299,0.000655046,0.986130256,0.99239615,0.495885082,0.902586579,0.807392572,0.598126273,0.001663803,0.207871879,0.868117973,0.612347776,1.291336749
0.24782524,0.346256979,0.004701327,0.115705991,0.986843025,0.649418845,0.00040231,0.005485229,0.999889962,1,0.535580058,0.987407727,0.025910922,0.115630688,0.001151445,0.229000041,0.563764601,0.619044473,16.29578982
0.353648964,0.607530312,0.001258434,0.981018634,0.457007309,0.24463963,0.004489756,0.015797997,0.982723735,1,0.027246388,0.99296886,0.879864801,0.95332108,0.137729759,0.210872636,0.729941865,0.417734701,6.403099347
0.134296831,0.579534851,0.001411706,0.979787434,0.457150949,0.235510975,0.013993632,0.000299094,0.042190475,0.00109978,0.977866695,0.98828378,0.097021751,0.961918723,0.753845159,0.155317099,0.81284894,0.48339733,18.40145132
0.302142527,0.519523333,0.016277864,1,0.001,0.025960898,0,0.010251322,0.989464303,1,0.166177019,0.01937405,0.383381767,0.618450031,0.218301649,0.126927865,0.267665479,0.560457763,3.262491446
0.773587965,0.011595431,1,0.997514371,0.981082439,0.123361469,0.06189732,0.007768717,0.996459784,0.785437358,0.5114929,0.988945403,0.621284475,0.717928672,0.001472373,0.427187696,0.498182196,0.637581089,11.83377125
0.728574163,0.828462201,0.049857716,0.991622808,0.295399754,0.149136554,0.007088703,7.80412E-05,0.997540541,0.74931674,0.674995712,0.2975449,0.00543398,0.998900907,0.505396425,0.221906815,0.990979313,0.626658316,10.32290172
0.651177644,0.954137776,0.013507363,0.029263243,0.379732645,0.959330523,0.000243406,0.028029796,0.973439526,1,0.99497598,0.652263301,0.329960502,0.718413053,0.032689984,0.883120872,0.885865476,0.488627971,9.411681422
1,0.736870369,0.212234633,0.001,0.817069214,0.003058849,0.003469712,0.056802957,0.034365527,1,0.459362873,0.999175404,0.355730287,0.561151008,0.294991191,0.025395428,0.999975796,0.658260257,13.85079123
0.960848088,0.041716144,0.004834361,0.164385177,0.082899538,0.985722549,0,0.00059375,0.01490063,1,0.955672467,0.178801721,0.014161774,0.997228301,0.464293822,0.696434345,0.981551408,0.209325042,9.949103104
0.657657325,0.960894953,0.006989133,0.97879372,0.961074858,0.086478016,0.030539955,2.61142E-05,0.990853637,0.947361515,0.489078279,0.018685527,0.004201745,0.969006517,0.098679168,0.088331104,0.999707099,0.639586025,3.059080931
0.974000473,0.56541405,0.33367887,0.173706179,0.421528764,0.03389371,0.000116118,0.067910924,0.995663052,1,0.513337536,0.081223325,0.998514781,0.983754684,0.116390281,0.418590968,0.940796578,0.772250645,10.71017737
0.773587965,0.422385719,0.998004525,0.785382742,0.990885396,0.012045275,0.000633568,0.018895958,0.991988342,1,0.5114929,0.978354847,0.363378713,0.717928672,0.106966206,0.427187696,0.498182196,0.664227949,11.83377125
0.781425227,0.86782055,0.047385094,0.840801305,0.889191002,0.124166567,0.086920003,0.00056507,0.440563324,0.865252714,0.497063367,0.995766925,0.534616989,0.716687797,0.125698934,0.429490732,0.99696441,0.637580113,10.83654823
0.773587965,0.013310621,0.984105686,0.785382742,0.981344599,0.409380948,0.000380857,0.018393752,0.980758505,1,0.512584144,0.596012768,0.093685947,0.717928672,0.001472373,0.427313818,0.498182196,0.638602934,11.83958117
0.091699631,0.422385719,0.551866542,0.785382742,0.990885396,0.683947845,0.000633568,0.006780677,0.999940611,1,0.5114929,0.079807613,0.955464306,0.735265798,0.107482966,0.427187696,0.498182196,0.664227949,11.83377125
0.665024682,0.952207138,0.009203268,0.039358805,0.300011784,0.838504054,0.039350216,6.54984E-05,0.999718319,0.998223814,0.500204035,0.988879248,0.024984357,0.995344515,0.40030083,0.19915659,0.949129437,0.661129479,14.18102579
0.086796137,0.580378539,0.332929673,0.165793532,1,0.03389371,0.000116118,0.007559806,0.995663052,1,0.166254621,0.821850559,0.998514781,0.995127101,0.209073617,0.001589573,0.876245737,0.772250645,19.94248721
0.006022015,0.001,0.001,1,0.001,1,0,0,0.001,0.001,0.404794721,0.031409379,0,1,1,0.372753898,0,10.36419747,12.09357985
0.226787682,0.708099727,0.154009654,0.430529195,0.001,0.190969866,0.004436925,0.027421289,0.547430237,1,0.185644645,0.118118648,0.003802662,0.073648807,0,0.762513427,0.995691955,0.799845304,9.212811663
0.833712746,0.586792234,0.033932794,0.252322171,0.457479431,0.673713856,0.000434453,0.1,0.021559873,1,0.646505709,0.471119838,0.978546771,0.916392545,0,0,0.083074999,0.302829918,9.48841266
0.528857258,0.547340594,0.116107061,0.890602352,0.167390706,0.511206737,0.000168225,0.090871136,0.805703248,1,0.857436925,0.53112132,0.543509919,0.33894894,0.198199952,0.036846936,0.682285634,16.2369995,14.80991521
0.135329228,0.306139909,0.001,0.221880562,0.195559192,0.999490332,0.000988461,0.000646816,0.639489291,0.094574276,0.736664109,0.700602452,0.176069493,0.873193778,0.202833494,0.116020037,0.002806065,4.717951703,6.317619078
0.462284977,0.756090566,0.001,0.898562687,0.730199462,0.673713856,0,0.039743216,0.039438231,1,0.120358083,0.475376864,1,1,0,0,0.083081719,0.392352703,9.48841266
0.135329228,0.545944384,0.001,0.221880562,0.194348032,0.999941244,0.000988461,0.000646816,0.998863872,0.001638319,0.736664109,0.700602452,0.176069493,0.873193778,0.018904182,0.106184892,0.898147183,4.717951703,6.317619078
0.252134129,0.888505368,0.004500326,0.35357912,0.262036029,0.012826464,0.091743603,0.005108312,0.700594826,0.666134115,0.970083456,0.908710611,0.125489519,0.628037572,0.48667707,0.268250808,0.970489603,0.506236123,14.27069047
0.880720336,0.001,0.001,0.001,0.095355648,1,0,0.1,0.001,1,1,0.676452187,1,1,0,0,1,0.340980405,15.77742757
0.96152869,0.980975209,0.35722215,0.388385666,0.018934363,0.335677466,0.002416709,0.013874068,0.999362055,1,0.70006678,0.07496727,0.331393081,0.150134524,0.002239143,0.628294246,0.741486357,0.426585423,17.16977263
0.576037661,0.847232624,0.038431781,0.957665418,0.679868428,0.14881517,0.088916444,0.015923851,0.196293276,0.240042121,0.643746318,0.350468578,0.158663242,0.952262865,0.094735269,0.35090714,0.943489105,0.61005383,19.84513559
0.006762721,0.513586188,1,0.003070537,0.777064253,0.332937577,0,0.035477204,0.443337234,1,0.601136261,0.716278024,0.569550056,0.9292077,0.31433823,0,0.680886473,0.734734747,3.38734271
0.58514971,0.524612319,0.098085916,0.223447477,0.495105472,0.265992421,0.082336028,0.00221585,0.810169644,0.589382134,6.89604E-05,0.441296274,0.322642536,0.873063747,0.206592101,0.212931248,0.789076862,0.450263518,2.858607954
0.888910075,0.001,0.001,0.001038772,0.976589878,1,0,0.099663342,0.011894894,1,0.018257292,0.929340938,0.990919893,0.017468767,0,0,1,0.555859143,15.84532704
0.878660671,1,0.034956731,0.246125476,1,0.004711347,0.006293223,0.014690427,0.011304439,1,0,0,0,0.573565117,0.249101183,0,0.812420173,0.104591731,18.90428023
0.078984173,0.83280963,0.257172773,0.975431754,0.773262143,0.496691411,0,0.065251474,0.001,1,0.551737289,0.152689796,0.351447981,1,0.274496451,0.600758566,0.781133686,0.310719719,17.76167426
0.919047019,1,0.034956731,0.247659505,0.996610939,0.004711347,0.006293223,0.014611538,0.011304439,1,0,0.086543295,0,0.573609092,0.004132679,0.849965103,0.812420173,0.104591731,0.154764748
0.84926998,0.765737085,0.810754387,0.051693046,0.209033415,0.213071116,0.061378379,0.002697705,0.983926322,0.744132153,0.579876999,0.435520471,0.158202574,0.69362797,0.171459745,0.973719925,0.568928573,0.527353661,13.21957337
0.880720336,0.001,0.001132636,0.001,0.080591722,0.982729164,0,0.001208444,0.001126754,1,1,0.663348335,1,1,0.023577487,0,0.999834976,0.34051259,15.77742757
0.775182416,0.530833396,0.15349189,0.380473691,0.078058758,1,0.003872347,0,0.89347372,0.2055476,0.343714351,0.303370432,0.070713179,1,0.518287388,0.085560952,1,0.322887127,7.316368107
0.210824378,0.343314822,0.15120987,0.953606092,0.320681573,0.068432106,0.090097047,0.005265776,0.646065953,0.17297629,0.192089573,0.127022342,0.986332271,0.532956766,0.071798956,0.95015501,0.993745823,0.470134564,9.17107341
0.246817547,0.772652223,0.10766476,0.761892672,0.621380687,0.439392953,0.000624383,0.070607003,0.05506098,1,0.443467038,0.176235233,0.368252143,0.943090649,0.475951807,0.608648527,0.883509514,0.505861578,17.28015351
0.006022015,0.001,0.02687959,0.016792298,0.001,0.512645261,0,0.000319276,0.001,0.009960659,0.404794721,0.109726155,0.021609621,0.862699049,0.462463805,0.195088177,0.004972341,10.36419747,12.09357985
0.226787682,0.708099727,0.192876357,0.467501938,0.811245421,0.983366839,0.004436925,0.054572629,0.547430237,1,0.185644645,0.001998588,0.067336865,0.073648807,0,0.762513427,0.995691955,0.799845304,9.212811663
0.211216065,0.339268409,0.006350911,0.987225188,0.320681573,0.672579887,0.084013657,2.09792E-05,0.64439555,0.164785334,0.915985864,0.122935626,0.368521194,0.531896415,0.071798956,0.958514134,0.993745823,0.470134564,9.17107341
0.599056695,0.017536827,0.075866043,0.620742111,0.451308142,0.652018543,0.037319761,4.41336E-05,0.031836855,0.020516949,0.64490935,0.700612524,0.593477961,0.967236761,0.479668493,0.284573639,0.76195752,0.131009442,1.404325687
0.222921219,0.708099727,0.151005261,0.429159094,0.208249767,0.189947864,0.004436925,0.027421289,0.547430237,1,0.185644645,0.118118648,0.001138633,0.159500711,0,0.762513427,0.991074249,0.780034077,11.16034689
0.924376225,0.989522665,0.961752008,0.001825012,0.99137032,0.958324549,0.002416709,0.092796033,0.98827898,1,0.70006678,0.965222695,0.319304802,0.152795023,0,0.632208978,0.741486357,16.45800873,13.23414367
0.632669572,0.221274303,0.006537633,0.226247217,0.196611051,0.610849723,0.066886631,0.001350798,0.988328294,0.80569936,0.005528584,0.061275134,0.973271497,0.977657521,0.093261308,0.214613569,0.717579167,0.615562846,11.17291542
1,0.001,0.11208616,1,0.001,0.966943362,0.009977486,0.005136142,0.167125063,1,0,0,0,0.134064697,0.087398203,0.290188551,0.408944477,0.647505756,12.40036083
0.206000789,0.270407451,0.001071947,0.330619987,0.487235186,0.771757541,0.018910419,3.82057E-05,0.886296467,0.289958729,0.649952449,0.813235838,0.530133349,0.821874126,0.275313531,0.278157939,0.87430961,0.590163269,7.276783628
0.507156334,0.674257919,0.044738757,0.374412051,0.723122359,0.998663976,0,0.002823636,0.093750495,0.181376632,0.125099758,0.470166092,0,0.978089488,0.022057355,0.019788793,0.910964476,0.576783844,9.465973334
0.190290593,0.888505368,0.004500326,0.35357912,0.262036029,0.012826464,0.091743603,0.005108312,0.700594826,0.666134115,0.970083456,0.496985873,0.125489519,0.628037572,0.48667707,0.268250808,0.970489603,0.506236123,14.27069047
0.193659721,0.518862554,0.002489828,0.201254764,0.315829263,0.999340936,0.063316968,0.005193772,0.978308336,0.005305485,0.801386454,0.02387323,0.805649149,0.502281657,0.132399552,0.034104178,0.871318452,0.578503794,7.09534141
0.014553593,0.443376058,0.016773411,0.98280144,0.445788759,0.997667916,0.005906075,0.004956704,0.992264923,0.997888564,0.696733581,0.06558828,0.020709529,0.929884164,0.971669347,0.017602289,0.757086264,0.790160415,0.228965862
0.166284049,0.800978242,0.001131314,0.005049376,0.849249834,0.869385329,0.052068402,0,0.999633282,0.629311382,0.010923441,0.430684987,0.280258319,0.031452538,0.00949295,0.7735192,0.999946512,0.413018751,13.40352104
0.567560262,0.942155707,0.090088238,0.996678064,0.175934844,0.011163386,0.00072715,0.025961457,0.985773905,1,0.96526556,0.905987219,0.642730447,0.280392901,0.166957254,0.05246074,0.79279357,0.667330642,12.55771088
0.528857258,0.547340594,0.110258922,0.890602352,0.167390706,0.511206737,0.000168225,0.090871136,0.805703248,1,0.854877616,0.531192817,0.543509919,0.769948546,0.198199952,0.036846936,0.681570813,0.823171963,14.80991521
0.699413253,0.996760909,1,0.003070537,0.776685853,0.332937577,0,0.034908216,0.958096008,1,0.827960405,2.46838E-05,0.974827818,0.93059665,0.28174045,0,0.683526188,0.770630175,3.38734271
0.632669572,0.221274303,0.006537633,0.229151419,0.18983655,0.586511185,0.066886631,0.001393128,0.998793846,0.80569936,0.011215351,0.343657653,0.978198682,0.974159362,0.093261308,0.935136803,0.819342864,0.571507661,11.17302933
0.833712746,0.586792234,0.927406253,0.252322171,0.457479431,0.89702513,0.000493311,0.1,0.022996253,1,0.619708763,0.471119838,0.310506863,0.916392545,0,0.93624551,0.083074999,0.302829918,9.48841266
1,0.228736811,0.001,0.038974235,0.887453846,1,6.77931E-06,0.007010296,0.98594331,1,0.366783592,0.906532896,0.998065262,0.273933725,0,0,0.805462875,0.644018234,11.89260563
0.641120455,0.220853572,0.999892225,0.996696553,0.23838104,0.009227561,0.00072715,0.028370664,0.985509384,1,0.90412145,0.90407062,0.115936455,0.280392901,0.149138914,0.012692488,0.438100011,0.652423101,12.4742407
0.581812123,0.83280963,0.082745447,0.975431754,0.773262143,0.496691411,0,0.065251474,0.038869858,1,0.551737289,0.152689796,0.350887671,0.939027889,0.274496451,0.600758566,0.781133686,0.310719719,17.72373526
0.856413712,0.817087907,0.994947217,0.608019498,0.773994123,0.332937577,0,0.035477204,0.437365643,1,0.611868258,0.749462247,0.569550056,0.9292077,0.37134804,0,0.83117953,0.678655849,3.38734271
0.866239985,0.997777179,0.007078782,0.348943655,0.001,1,0.004762618,0.003075728,0.74479988,1,0.279946632,1,0.092450936,1,0.666851012,0.010519511,0.999972083,0.338459665,6.977112789
0.856413712,0.817087907,0.994947217,0.608019498,0.773994123,0.332937577,7.1496E-05,0.035477204,0.739091087,1,0.611868258,0.985795127,0.000315091,0.930766554,0.37134804,0,0.981167089,0.709000901,6.570960749
0.878433679,0.833465775,0.075461432,0.645746401,1,0.325374175,0.000397872,0.03557727,0.011304439,1,0.608415323,0.01538682,0,0.573565117,0.249101183,0,0.812420173,0.104591731,18.90428023
0.364011916,0.996760909,0.372967492,0.003070537,0.741200633,0.332937577,0,0.034908216,0.999705063,1,0.822006013,2.46838E-05,0.956879764,0.93059665,0.687865674,0.028818348,0.691078041,0.770630175,10.89943694
0.726528008,0.851072202,0.002066439,0.205001096,0.85101522,0.002237451,0.042299583,0.003530738,0.988704157,0.086149494,0.264239295,0.976500961,0.007690673,0.975816842,0.311617971,0.407070801,0.998227269,0.660967965,12.2594516
0.821070548,0.791433707,0.088044372,0.33925748,0.102376236,0.135984806,0.007461414,0,0.735869258,0.999935754,0.216577016,0.333171292,0.055625099,0.885872218,0.662721626,0,0.983780029,0.68924661,9.868611095
0.968241987,0.445273795,0.006080665,0.263084657,0.471615118,0.355565445,0.060468814,0.003413772,0.979252298,0.02450596,0.791331522,0.446909414,0.696946056,0.462331829,0.018286419,0.5781374,0.96672509,0.631261434,6.124746833
0.927899262,0.163764629,0.671431168,0.099646813,0.540918677,0.609480226,0.044720313,0.000253959,0.298657893,0.368252845,0.371535241,0.93208728,0.280121424,0.875334814,0.045389768,0.610302555,0.992011702,0.653898687,12.49061805
0.251582871,0.960280899,0.002043957,0.088166443,0.061781548,0.003393161,0.00876545,7.01842E-07,0.973512228,0.969937769,0.265867094,0.165866744,0.028723523,0.772361776,0.137671639,0.161010802,0.606194362,0.441318572,3.26169129
0.200310158,0.943483847,0.570642142,0.032538428,0.281104653,0.889983656,0.000903752,0.097412522,0.939003302,1,0.754857015,0.014865886,0.943513868,0.932640067,0,0.033323786,0.365435,0.894227523,9.17492678
0.20031726,0.923510225,0.214406965,0.595517399,0.832785744,0.565691155,0.082982846,0.001476131,0.623760285,0.171949887,0.731649722,0.655703002,0.174803485,0.649953264,0.266357702,0.437392066,0.903784387,0.469916272,0.900463879
0.403079119,0.084313634,0.001,0.011703144,0.305288928,0.001348763,0.00092729,0.1,0.998087591,1,0.801427658,0.123340572,0.962045108,0.796793905,0.000968881,0.004239232,0.936144906,0.43262955,19.58416343
0.104523167,0.969625571,0.001,0.325626813,0.110147298,0.191712178,0.000574836,0.000285048,0.577485431,0.096820305,0.891109172,0.767519573,0.204395906,0.995495998,0.961783564,0.74867097,0.965521329,15.61042905,7.934689698
0.41209911,0.360934473,0.012782525,0.020948311,0.551026178,0.024473865,0.039163287,5.48469E-05,0.289608874,0.005689524,0.27871374,0.240778827,0.015183372,0.784896691,0.147897369,0.466144582,0.954572518,0.614095324,19.32697386
0.251582871,0.960280899,0.002043957,0.088166443,0.061781548,0.003393161,0.00876545,7.01842E-07,0.973512228,0.969937769,0.265867094,0.165866744,0.028723523,0.772361776,0.137671639,0.161010802,0.381303545,18.71553753,3.26169129
0.780343184,0.13543354,0.049078999,0.020948311,0.844004167,0.932064712,0.039163287,0.000185249,0.948662812,0.001667113,0.973349764,0.993545201,0.001786618,0.750342468,0.144251473,0.016401152,0.954572518,0.612192531,19.32697386
0.037612946,0.919640028,0.398406953,0.898221311,0.912895402,0.32054291,0.000710436,0.029442062,0.995526983,1,0.887307367,1,1,0.943645051,4.89121E-06,0.000204044,0.907933496,1.112845861,9.883725025
0.403079119,0.084313634,0.001,0.719728937,0.305288928,0.020053095,0.001533002,0.09912713,0.998087591,1,0.801427658,0.123340572,0.004097265,0.688057715,0.000968881,0.004239232,0.936144906,0.703493096,19.7480064
0.567871385,0.33095303,0.021222848,0.310539782,0.551026178,0.024473865,0.039163287,0.00030426,0.998268491,0.06853178,0.026406711,0.677080255,0.015183372,0.784896691,0.423366958,0.875566925,0.954572518,0.614095324,1.998223866
0.117582085,0.311601647,0.002486809,0.466514608,0.183095493,0.142973358,0.00426695,0.00014163,0.884349121,0.267133809,0.50020164,0.656310811,0.203334911,0.999108023,0.305798392,0.77751584,0.877066532,0.632262577,6.191019729
0.087638599,0.083882713,0.477825537,0.96468636,0.305288928,0.001120772,0.000758414,0.080049033,0.959592391,1,0.994438523,0.96047466,0.021943656,0.57709082,0.282779869,0.017599231,0.965467078,0.925090645,14.2584064
0.247021936,0.902239015,0.028863053,0.087569231,0.04105125,0.921267236,0.001468365,1.30439E-06,0.823776184,1,0.951243968,0.030474231,0.98530095,0.24999832,0.041021003,0.960972103,0.982578107,0.64551962,3.230178665
0.411262964,0.360934473,0.001076538,0.062228529,0.551026178,0.005963658,0.069236879,5.48469E-05,0.970237608,0.009109442,0.304175778,0.246562411,0.01517961,0.96463209,0.147897369,0.44139842,0.967756339,0.614095324,6.012012334
0.139881831,0.558990461,0.453056687,0.745943638,0.001548781,0.99776794,0.027820038,0.000495237,0.317789543,0.990808441,0.555099571,0.992681515,0.044093076,0.960689301,0.084282485,0.093074798,0.959305028,0.709444015,9.876784367
0.40508846,0.360934473,0.001000158,0.457914933,0.551026178,0.772993084,0.063074072,0.000468476,0.971384749,0.009109442,0.304175778,0.322998705,0.014096912,0.703542587,0.147897369,0.44139842,0.82704392,0.614095324,6.012012334
0.633778325,0.066391434,0.00766975,0.044638433,0.397788496,0.987817993,0.099670104,0.006428211,0.976524945,0.160141605,0.804538213,0.242178347,0.003719554,0.311684751,0.023356302,0.259005488,0.971586017,0.614358614,7.781524795
0.609138326,0.109521183,0.664748953,0.001,0.068704,0.919108849,0.003630409,0.034815553,0.979904601,1,0.699960705,0.028557105,0.334886786,0.882031289,0.040249507,0.334115862,0.972452775,0.652461525,8.725402004
0.476104844,0.340387208,0.001686559,0.003251481,0.75476327,0.869577878,0.062372821,0.00095591,0.985468702,0.124732098,0.014070798,0.693184802,0.389536434,0.836277995,0.008436475,0.161235436,0.969182489,0.611789557,11.04727334
0.751373533,0.079088626,0.007777614,0.050377039,0.068704,0.871816338,0.001819251,0.000836571,0.999998538,1,0.699960705,0.028557105,0.222172473,0.994160384,0.885233425,0.340485481,0.971667689,0.583826625,12.68141564
0.788696138,0.472780641,0.027473357,0.052569463,0.997457779,0.903293928,0.083577018,8.1548E-05,0.949117369,0.175577378,0.92972005,0.228635229,0.368059013,0.975178436,0.027487453,0.046023684,0.972441144,0.663920746,1.442649157
0.115825833,0.904795764,0.555324443,0.01672355,0.266567647,0.919375904,0.001468365,0.000191477,0.978839248,1,0.708041697,0.019600714,0.999999199,0.232525468,0.028725514,0.965293568,0.999850997,0.709218076,0.869501611
0.745134273,0.923488232,0.033299332,0.968465249,0.857765649,0.027199807,0.080199815,0.001350071,0.417143163,0.032216314,0.94132148,0.010020252,0.353008925,0.400982882,0.018270036,0.442949583,0.965228203,0.488204904,6.564460014
0.122254216,0.004846722,0.001509711,0.050013195,0.985743469,0.978344734,0.072997982,0.000930537,0.999992958,0.022280545,0.942407577,0.864574003,0.396936142,0.985680153,0.906861815,0.006149798,0.966049577,0.657286064,13.74956111
0.115694068,0.044057006,0.622800567,0.001,0.047700843,0.932135546,0.001290205,0.093065502,0.978839248,1,0.23680779,0.0361899,0.999999199,0.236428266,0.041021003,0.298690613,0.472257837,0.393080524,12.4409789
0.411262964,0.360934473,0.009130712,0.11151422,0.53648858,0.483886457,0.069236879,5.48469E-05,0.970405848,0.009109442,0.304175778,0.194823298,0.01517961,0.96463209,0.147897369,0.323256916,0.967756339,0.436657152,6.012012334
0.512025189,0.336183985,0.001296999,0.589755754,0.307864574,0.554545157,0.050672984,9.91692E-05,0.401506055,0.05981808,0.238720487,0.666149516,0.036321912,0.999295963,0.501369951,0.101451383,0.985468422,0.436671891,3.865294684
0.125930109,0.904192094,0.616376696,0.01672355,0.015854722,0.921267236,0.001468365,0.000502669,0.978839248,1,0.963961778,0.028557105,0.981312821,0.240098444,0.041021003,0.943351331,0.995736125,0.709218076,6.26750265
0.678470216,0.429495154,0.00349882,0.083314311,0.551188949,0.011794803,0.042222396,0.000888948,0.970290777,0.367161947,0.31197011,0.915670513,0.270355805,0.594616516,0.042595562,0.034848071,0.980542666,0.612240762,5.328701915
0.80259732,0.667759933,0.005643145,0.298316106,0.991786235,0.569821852,0.061822337,0.001024975,0.98642964,0.383795574,0.614132179,0.629281916,0.005926004,0.675930372,0.40982186,0.788230368,0.880175821,0.46546992,5.562436915
0.147598885,0.070545557,0.001509711,0.050013195,0.985743469,0.88027979,0.083869136,0.000930537,0.999992958,0.022280545,0.276030818,0.669143826,0.391772947,0.978425469,0.906861815,0.368425465,0.966049577,0.657286064,13.87677462
0.133752652,0.999956258,0.006260841,0.500536499,0.128450603,0.988204192,0.057651174,0.020213207,0.946197806,0.40200014,0.978521683,0.401384125,0.316148569,0.668453354,0.298707527,0.806252327,0.960687409,0.696514342,4.984959204
0.789125835,0.344523461,0.0336732,0.036751561,0.579568156,0.995410878,0.00235878,0.000241903,0.999976878,0.028570799,0.941932399,0.001975966,0.648682784,0.685120896,0.224435389,0.032628083,0.906466833,0.639577113,13.19951369
0.257062201,0.08031497,0.001848259,0.091770113,0.921078702,0.405211368,0.05693364,0.000280896,0.618064036,0.985336627,0.263764564,0.648463062,0.225845131,0.358226084,0.245792102,0.132709773,0.991270486,0.526167774,12.65494332
0.001,1,0.394642824,1,0.001339813,1,0.001078889,0.003006044,0.98468561,1,0.021942183,0.957302674,1,0.999676267,0,0.270029386,0,0.628352753,10.83876603
0.988316825,0.903420525,0.812618866,0.123601814,0.010621353,0.017869295,0.001176133,1.30439E-06,0.998756021,1,0.009475069,0.000262238,0.98530095,0.253186101,0.041051333,0.99854957,0.981105564,0.57788614,2.839093191
0.807268517,0.196718923,0.012944712,0.116320194,0.602819885,0.288030321,0.041356105,0.000306398,0.959143316,0.06329415,0.14090374,0.977851647,0.003329541,0.729576988,0.503560461,0.071954101,0.874023563,0.459038274,5.515297183
0.738530712,0.904192094,0.616376696,0.01672355,0.015854722,0.912111469,0.001468365,0.000710986,0.998660369,1,0.963961778,0.021568062,0.934395621,0.663624865,0.042694546,0.020677027,0.997273685,0.709218076,6.26750265
0.581532642,0.958912946,0.053163482,0.240654361,0.972879189,0.026384147,0.060676807,0.000646943,0.999875159,0.366758284,0.845045828,0.987952717,0.046509608,0.390159357,0.012517825,0.550528154,0.067070875,0.461831562,13.68235071
0.262878406,0.079088626,0.017128258,0.094531453,0.068704,0.871816338,0.001819251,0.000836571,0.999998538,1,0.694181341,0.028557105,0.22050311,0.999064071,0.885233425,0.311354661,0.971667689,0.582842165,13.13747615
0.026718183,0.027765011,0.026272769,0.018769719,0.007807185,0.102772659,0.002453301,1.19624E-05,0.980009868,0.081264414,1,0.159781807,0.010121124,0.992093501,0.994113322,0.602910321,0.110501837,7.327911079,6.25503842
0.143378218,0.919503737,0.940312746,0.591767323,0.008823987,0.975273829,0.048735866,0.000843946,0.189237356,0.367379665,0.792193208,0.092811168,0.651560614,0.995070241,0.009159158,0.026534333,1,0.68115815,7.929173683
0.143378218,0.919503737,0.06969959,0.594546662,0.036806136,0.975273829,0.096237024,8.17265E-05,0.964384877,0.007626931,0.792193208,0.2273023,0.651560614,0.998626264,0.284412916,0.026534333,0.9745547,0.663708048,6.397738608
0.678078776,1,0.984164641,0.368406893,0.557000651,0.623948688,0.042212266,0.000867618,0.138651128,0.021044582,0.287887124,0.998782549,0.569319896,0.60771452,0.527733223,0.103208167,1,0.628777512,0
0.599150843,0.943483847,0.570642142,0.032538428,0.281104653,0.888534379,0.000552826,0.097412522,0.939003302,1,0.754857015,0.014865886,0.943513868,0.928843761,0.036515584,0.033323786,0.365435,0.894227523,9.17492678
0.146675817,0.923090988,0.002832255,0.07185343,0.949358742,0.012290565,0.035663041,0.000882094,0.990517885,0.997241888,0.316532616,0.997081637,0.029758029,0.980243691,0.13775597,0.163004872,0.643850361,0.654715819,9.514152924
0.20031726,0.923510225,0.214406965,0.595517399,0.832785744,0.565691155,0.041222788,0.001476131,0.623760285,0.171949887,0.731649722,0.655703002,0.174803485,0.649953264,0.266357702,0.437392066,0.903784387,0.469916272,8.65046567
0.417219525,0.994109284,0.021399204,0.021987944,0.991396632,0.775024938,0.095036925,0.000306573,0.948756411,0.172683614,0.266847235,0.249614756,0.014846191,0.99815423,0.020826745,0.472213552,0.953269077,0.614095324,11.50076969
0.838603335,0.923488232,0.033299332,0.968465249,0.857765649,0.027199807,0.080199815,0.001350071,0.417143163,0.032216314,0.94132148,0.010020252,0.353008925,0.400982882,0.018270036,0.442949583,0.965228203,0.488204904,6.564460014
0.36432597,0.177145008,0.01580643,0.006147538,0.955934955,0.051965978,0.001524079,0.001434759,0.99957179,1,0.057052319,0.102785383,0.028042323,0.896048024,0.064514245,0.135877462,0.92574069,0.708571207,5.892895
0.165253603,0.973862368,0.001093166,0.415516972,0.964016299,0.812673485,0.034490007,4.84414E-06,0.977295037,0.381098032,0.638113732,0.614112684,0.634491542,0.979333496,0.241808007,0.814389644,0.96043055,0.383711662,2.866939151
0.241470133,0.56435071,0.002786046,0.051013266,0.001836493,0.987022514,0.097174376,0.012209709,0.999987777,0.071067101,0.267323915,0.414960152,0.205473596,0.375847634,0.221957536,0.014572332,0.916431828,0.574227564,13.12239934
0.221366974,0.151164461,0.713660846,0.659437829,0.903258102,0.625149133,0,0.001189657,0.566336566,1,0.215243094,0.245127403,0.870254284,0.98534068,0.028326841,0.453364687,1,0.677224024,14.33219766
0.157811125,0.355007644,0.001000126,0.070930219,0.551026178,0.005963658,0.069236879,0.00097159,0.958601101,0.062719878,0.312568533,0.241209056,0.001762284,0.959331091,0.147897369,0.426461345,0.990334476,0.631156344,6.012012334
0.41209911,0.98614006,0.001354725,0.025473698,0.551026178,0.024473865,0.039163287,5.48469E-05,0.291442677,0.048713394,0.27871374,0.240778827,0.035604587,0.78290074,0.130772148,0.47718578,0.955312704,0.614095324,19.44637103
0.14240172,0.920748679,0.916577562,0.607068014,0.026282072,0.008632072,0.083853301,0.027982885,0.203478889,0.040940416,0.050161115,0.888292843,0.795747398,0.674063346,0.302871995,0.050574776,0.908645535,0.721442119,5.788805989
0.583225923,0.986591292,0.01924871,0.894993946,0.506322465,0.597939482,0.045468203,0.000209088,0.877378721,0.348269996,0.961961692,0.018287998,0.036478099,0.875334814,0.210042234,0.103156474,0.997683531,0.638396776,6.35484634
0.411701374,0.345440776,0.001019219,0.039461599,0.309464743,0.024473865,0.039004003,0.001054208,0.10509012,0.001031626,0.574463786,0.246848934,0.00587158,0.991279516,0.275750116,0.994789549,0.96062065,0.452328333,8.220711841
0.606293666,0.060605054,0.543689824,0.864039442,0.002195165,0.9198901,0.000118644,0.000389424,0.960276279,1,0.98749053,0.669272121,0.326489427,0.872809845,0.039683911,0.334115862,0.955544028,0.65375685,9.473346146
0.681719689,0.99186308,0.002923248,0.004122912,0.554959821,0.011223404,0.063564614,0.000888948,0.998734787,0.967865585,0.311398455,0.87147701,0.281979815,0.587988412,0.085067622,0.01455088,0.236732639,0.612240762,5.328701915
0.791594503,0.001,0.684304525,0.001,0.007029835,0.93733552,0,0.006161868,0.926879213,1,0.633481401,0,0,0.872785531,0,0.492838509,1,0.556874024,12.91664693
0.40732007,0.491451341,0.001169645,0.005551891,0.576934393,0.006373582,0.082540259,0.009489961,0.955805444,0.180618047,0.268003075,0.111265461,0.001785318,0.959776798,0.02727267,0.463849343,0.974353159,0.614091968,1.487835437
0.399451809,0.939660593,0.069892034,0.623808724,0.040504912,0.917454511,0.039163287,8.16632E-05,0.289608874,0.005689524,0.26496567,0.240454859,0.652226056,0.99596591,0.287785297,0.466144582,0.954572518,0.614095324,19.32697386
0.184442996,0.011179496,0.001093166,0.955085373,0.999238771,0.930352921,0.083499932,4.84414E-06,0.999605237,0.381098032,0.275067888,0.04323085,0.064209739,0.986546722,0.241808007,0.957812667,0.96043055,0.595490227,12.5837204
0.936713037,0.163511202,0.711045563,0.084234188,0.540918677,0.609480226,0.044720313,0.000253959,0.305470869,0.368252845,0.371535241,0.954457838,0.276933965,0.876587975,0.028344812,0.610302555,0.992011702,0.677253414,12.49178867
0.140952849,0.919503737,0.014446553,0.594546662,0.036806136,0.975273829,0.063439771,0.000193477,0.999660078,0.007626931,0.947758145,0.304968969,0.651560614,0.998626264,0.969946424,0.970724273,0.981056016,0.663708048,6.397738608
0.602587195,0.943483847,0.037854989,0.032538428,0.281104653,0.98111134,9.70094E-05,0.096676926,0.939003302,1,0.986281286,0.049130896,0.943513868,0.928843761,0.156762401,0.017347965,0.365435,0.898276447,9.17492678
0.378734007,0.533097874,0.013110998,0.968053646,0.074481538,0.011849231,0.002227473,0.00030816,0.998891582,1,0.700635155,0.976524467,0.98668998,0.236428266,0.041021003,0.298690613,0.386282919,0.650387139,19.51777154
0.604316435,0.009117192,0.048424133,0.732761973,0.101791013,0.53458442,0.000316876,1.3652E-05,0.999926747,1,0.964761238,0.891418082,0.999999996,0.240098444,0.042366111,0.007546793,0.374041249,0.896601913,12.53689826
0.36432597,0.177145008,0.463683156,0.006147538,0.955934955,0.069045633,0.001524079,0.001434759,0.999598719,1,0.070561427,0.102785383,0.034279594,0.896048024,0.064514245,0.135877462,0.918648443,0.708571207,5.892895
0.143378218,0.946462245,0.328614124,0.095503354,0.036386893,0.975273829,0.083379969,8.17265E-05,0.996973238,0.007626931,0.792193208,0.2273023,0.659998038,0.998626264,0.284339381,0.357806376,0.9745547,0.663708048,7.469500706
0.113330975,0.225409413,0.016466895,0.951456135,0.629201786,0.910033904,0.003747276,0,0.8330791,0.990754454,0.808224782,0.983594326,0.792927606,0.996554716,0.145004363,0.027442554,0.967410344,3.164594749,10.01735524
0.230399779,0.919640028,0.358360404,0.002196692,0.911311614,0.694115386,0.000217065,0.032591536,0.993188814,1,0.524597043,0.036089525,0.120760451,0.996610316,0.038804563,8.70568E-08,0.048561819,1.113595939,12.66684312
0.780343184,0.13543354,0.004835086,0.267994324,0.460095929,0.932064712,0.060574264,0.000185249,0.990611881,0.001667113,0.961824505,0.992338573,0.001786618,0.750342468,0.144239958,0.160598301,0.957369116,0.639108478,18.73033819
0.798366315,0.037855991,0.057790507,0.77007795,0.10092416,0.48143318,0.00260424,1.3652E-05,0.999926149,1,0.963961778,0.915351051,0.999999199,0.240098444,0.041021003,0.965293568,0.990693631,0.666500967,12.60600367
0.140952849,0.92218535,0.013960569,0.594546662,0.890143474,0.975273829,0.006709395,0.000193477,0.995645394,0.007626931,0.947758145,0.304968969,0.642320695,0.995881135,0.146949759,0.970724273,0.981056016,0.663708048,18.74368204
0.510209077,0.006650427,0.618970338,0.122844778,0.415611159,0.948332605,0.001524079,0.001414161,0.999598719,1,0.066469699,0.028464286,0.033837254,0.896459158,0.035315703,0.139617567,0.963748925,0.708571207,5.892895
0.438141424,0.943483847,0.570642142,0.100542469,0.280586342,0.471856474,0.002560096,0.097412522,0.939003302,1,0.747895349,0.026053133,0.001723023,0.933729905,0.000696212,0.006809681,0.09464245,0.796733999,9.17492678
0.175969193,0.86414396,0.002832255,0.066941429,0.949358742,0.012290565,0.035663041,0.000387177,0.98906522,0.396675026,0.312560559,0.353952768,0.029758029,0.923779904,0.141372523,0.019959838,0.980523699,0.63749471,9.514152924
0.651537424,0.466971077,0.033299332,0.968465249,0.060500579,0.027199807,0.080199815,0.001350071,0.413488755,0.039595247,0.858275351,0.010020252,0.026588707,0.980315576,0.032094879,0.148746194,0.963359134,0.638231607,6.513190516
0.776012587,0.914729146,0.035703528,0.578177176,0.294955635,0.056050454,0.082804763,0.000466319,0.960058434,0.015100844,0.256941746,0.20506681,0.873302013,0.994382594,0.028170479,0.368601433,0.903518102,0.611937841,0.549507116
0.965699965,0.133719715,0.616376696,0.961763197,0.068704,0.887744475,0.004359422,3.65002E-06,0.999991835,1,0.626279902,0.060493756,0.982009713,0.239829711,0.070274497,0.020472651,0.485264471,0.670307448,12.7598255
0.637364583,0.139184312,0.002420371,0.002370999,0.887136902,0.929888825,0.009724231,7.01842E-07,0.973625109,0.367540457,0.275776662,0.39391092,0.02185634,0.776221016,0.019454162,0.019587801,0.983743156,0.441318572,2.929258512
0.203464958,0.087213669,0.209471377,0.112152312,0.929668729,0.871825867,0.057114039,0.000243078,0.996149357,0.983615229,0.817767959,0.004651284,0.211490209,0.685779097,0.224474812,0.027305983,0.963179233,0.589802133,8.335353761
0.356908475,0.165047913,0.070521063,0.006147538,0.930527955,0.081434749,0.001524079,0.002052581,0.99957179,1,0.057052319,0.102785383,0.028042323,0.896048024,0.064514245,0.006531994,0.92574069,0.708571207,5.891302475
0.221366974,0.151164461,0.003761448,0.67122274,0.903691778,0.625149133,0,0.009281682,0.566336566,1,0.215243094,0.242154194,0.870254284,0.982736995,0.034893015,0.453364687,1,0.677403331,14.33219766
0.143378218,0.961351481,0.009747605,0.62515753,0.008225418,0.914737515,0.095841758,0.002988353,0.198131412,0.241091168,0.775589282,0.989246424,0.036108163,0.998626264,0.308334446,0.026534333,1,0.680880116,5.660638509
0.228830448,0.323997425,0.082551093,0.028223915,0.548923238,0.872590319,0.001586676,0.02882977,0.999933541,1,0.699960705,0.062798107,0.001634638,0.853682934,0.144139903,0.334319829,0.99424266,0.583826625,12.80258707
0.145793787,0.923085397,0.453265337,0.169954376,0.030657255,0.017182906,0.000617594,0.000246225,0.998874731,0.044540242,0.889152803,0.994023026,0.411285433,0.996771246,0.014007617,0.270756722,0.964519574,0.75265617,6.211307092
0.164423505,0.9702784,0.003212875,0.094957248,0.061954639,0.889481397,0.099760388,0.066357197,0.990579619,0.271567331,0.792283175,0.643580689,0.032906605,0.959406208,0.145268588,0.163004872,0.372605509,0.639638218,18.74244805
0.968241987,0.445273795,0.006096966,0.259065238,0.471615118,0.355565445,0.060468814,0.003413772,0.979252298,0.02450596,0.784735151,0.446909414,0.696946056,0.462331829,0.018286419,0.5781374,0.966567215,0.643124365,5.246145507
0.36432597,0.217991723,0.463683156,0.012013347,0.545246842,0.962760514,0.001797415,0.091825034,0.999978291,1,0.070561427,0.101468479,0.033899143,0.934982144,0.022324283,0.135877462,0.970076508,0.708571207,5.892895
0.976494612,0.925457392,0.618030317,0.032538428,0.281104653,0.920170436,0.000552826,0.096454526,0.978851066,1,0.754857015,0.014865886,0.943513868,0.928843761,0.041058697,0.033323786,0.365435,0.897981282,9.17492678
0.751373533,0.079088626,0.007666841,0.050377039,0.981018128,0.871816338,0.002760444,0.000836571,0.999998538,1,0.699960705,0.090522257,0.021049747,0.996408918,0.823707552,0.212352874,0.971667689,0.650953893,12.68141564
0.976494612,0.958672969,0.021040609,0.032538428,0.281104653,0.915852559,0.000552826,0.096454526,0.978886583,1,0.754857015,0.024631469,0.028263657,0.772468367,0.039537647,0.033323786,0.365435,0.440863394,9.20335886
0.143378218,0.925358721,0.940312746,0.485855047,0.008823987,0.081315354,0.088299773,0.000820817,0.215891208,0.011196464,0.655594494,0.933366193,0.651560614,0.995033994,0.137956142,0.026534333,1,0.680412427,6.397738608
0.262983942,0.940938541,0.014222861,0.088714606,0.061781548,0.003393161,0.00876545,1.85365E-05,0.973512228,0.969937769,0.877735669,0.165866744,0.028723523,0.771780798,0.137671639,0.161010802,0.381303545,18.75663059,3.26169129
0.969436925,0.406641123,0.016977625,0.962644601,0.068704,0.029893312,0.001468365,3.63259E-06,0.999186928,1,0.98413597,0.028557105,0.999999199,0.567694815,0.040756635,0.00838636,0.485264471,0.621711121,12.86775115
0.40508846,0.370856486,0.001000158,0.974346853,0.551471201,0.773204125,0.063074072,0.000468476,0.973651445,0.009109442,0.629443131,0.985983923,0.015262762,0.703542587,0.156655614,0.574093115,0.826760388,0.576975793,6.00504543
0.969436925,0.997165964,0.616376696,0.001,0.068704,0.921267236,0.002278057,3.63259E-06,0.979096976,1,0.925524799,0.924563568,0.999999199,0.798535798,0.041021003,0.965293568,1,0.647745911,12.70855576
0.394884882,0.177145008,0.462727044,0.006235964,0.955934955,0.001864284,0.001524079,0.003782839,0.999598719,1,0.070561427,0.102785383,0.972209778,0.896048024,0.083186179,0.134790454,0.960992973,0.722316436,5.892895
0.143378218,0.919766845,0.037769921,0.569429556,0.111460795,0.970694805,0.082549618,0.000843946,0.190556919,0.041345983,0.791063359,0.990031014,0.654084931,0.376642312,0.309110404,0.047671053,0.965609889,0.659558143,13.15512625
0.375757443,0.176264439,0.085545486,0.018527012,0.068134884,0.932135546,0.001660881,0.000304202,0.978839248,1,0.991996482,0.101554256,0.94343358,0.244744305,0.041021003,0.304669601,0.475373654,0.709196967,7.535435582
0.292166784,0.354400117,0.065620019,0.067545435,0.998401387,0.899023378,0.001433331,0.004566995,0.950966771,1,0.311373284,0.778201539,0.050669932,0.905691124,0.319002308,0.013424505,1,0.708452436,1.475959769
0.651537424,0.466971077,0.001058899,0.981058363,0.053906219,0.073033301,0.080199815,0.001350071,0.413488755,0.026999844,0.858275351,0.604260383,0.024573638,0.995059325,0.033713271,0.064503704,0.963359134,0.638231607,6.504519208
0.437015988,0.943483847,0.034304001,0.012816174,0.280586342,0.093018891,0.002560096,0.004212891,0.939026939,1,0.052722095,0.008833532,0.001723023,0.195198608,0.063476427,0.006523775,0.09464245,0.709787163,9.17492678
0.802045598,0.228359034,0.016646966,0.95023843,0.10092416,0.495532503,0.003723795,1.3652E-05,0.838505231,1,0.963961778,0.915351051,0.796124615,0.971123663,0.041021003,0.965293568,0.966636424,0.666500967,9.980818353
0.783271798,0.476021672,0.027473357,0.052569463,0.050964352,0.150118108,0.062966411,2.00124E-06,0.949948132,0.938589847,0.92972005,0.225782774,0.368059013,0.975221,0.011025829,0.046023684,0.975547932,0.663920746,0.280525556
0.804602675,0.181544838,0.714142908,0.659437829,0.903258102,0.627488725,0,0.001195642,0.986432232,1,0.623098129,0.282700847,0.870254284,0.96997875,0.020236676,0.016311542,0.997922265,0.98595932,14.33219766
0.101197786,0.958672969,0.021040609,0.001874347,0.281104653,0.915852559,0.000552826,0.096454526,0.978886583,1,0.754857015,0.379544899,0.028263657,0.772468367,0.040046599,0.040367125,0.919854132,0.560723019,9.116565688
0.739565631,0.079088626,0.007777614,0.050201656,0.068704,0.864918605,0.001828902,0.000836571,0.999998538,1,0.699960705,0.029584812,0.222172473,0.89752321,0.885233425,0.00706759,0.971667689,0.705982418,5.601586564
0.421010019,0.5538761,0.002786046,0.01342713,0.046015701,0.989310187,0.084970759,0.001061374,0.999987777,0.767375697,0.281801118,0.013907404,0.184271371,0.99805921,0.221957536,0.26215061,0.957609887,0.574227564,13.05384414
0.794863141,0.818123337,0.007815366,0.04337203,0.967506802,0.871816338,0.001819251,0.000836571,0.999629104,1,0.699960705,0.300865732,0.2295951,0.995223303,0.107099524,0.340485481,0.971667689,0.580813775,12.68141564
0.205726224,0.177145008,0.462727044,0.589919636,0.955934955,0.001864284,0.001055509,0.003782839,0.999598719,1,0.044050479,0.142970721,0.18305024,0.896048024,0.084678638,0.437051838,0.960992973,0.722316436,5.933421312
0.618314441,0.006627437,0.006270947,0.714277841,0.795773382,0.988197796,0.000481563,0.020026519,0.947056743,1,0.653256993,0.399444336,0.582703041,0.999491639,0.448101481,0.576930586,0.984121242,0.533555652,6.677203736
0.221366974,0.151164461,0.027320812,0.659437829,0.489266334,0.625149133,0,0.000724275,0.568501293,1,0.246109161,0.245127403,0.870254284,0.789533718,0.028326841,0.428669675,0.972113656,0.610081314,14.33219766
0.228830448,0.323997425,0.022476719,0.028223915,0.548923238,0.989524735,0.006093143,0.029156902,0.999933541,1,0.738385726,0.062798107,0.003497273,0.822449442,0.144139903,0.334319829,0.99424266,0.585084095,12.80258707
0.334024516,0.715184391,0.01580643,0.006147538,0.901150599,0.051965978,0.001524079,0.002679266,0.99957179,1,0.745109873,0.640897368,0.028042323,0.482499789,0.112612358,0.135877462,0.60668966,0.628553987,5.892895
0.438141424,0.943483847,0.292129493,0.100542469,0.280586342,0.471856474,0.002560096,0.097412522,0.998553375,1,0.752011727,0.000315969,0.001723023,0.933729905,0.000696212,0.006809681,0.290207755,0.788211567,10.26116468
0.135138019,0.747130127,0.002062066,0.586042002,0.485740372,0.355565445,0.096905294,0.003420741,0.995917555,0.02450596,0.260802042,0.952702643,0.229303889,0.360957641,0.018590069,0.343377852,0.981318713,0.663810495,6.170826897
0.143378218,0.919503737,0.90089577,0.563963265,0.017992709,0.008632072,0.060552892,0.019814623,0.198131412,0.011196464,0.045202263,0.989246424,0.01587123,0.998626264,0.312207576,0.813031827,1,0.724700711,10.6689974
0.678078776,0.985283515,0.024171832,0.368406893,0.557000651,0.929138971,0.042212266,0.00078031,0.998077023,0.367268785,0.451831771,0.989148711,0.569319896,0.94826605,0.008710485,0.105785141,1,0.628779432,0.03021331
0.674712398,0.961559577,0.050035489,0.124711632,0.410220537,0.057766196,0.02814624,1.88282E-05,0.999874926,0.972117811,0.574894047,0.91861324,0.044307723,0.981990815,0.141609082,0.018478205,0.998675453,0.639638218,0.624578448
0.143382557,0.496688657,0.052268128,0.59169668,0.050968236,0.975273829,0.095996519,0.000843946,0.198131412,0.010373713,0.800781712,0.989246424,0.360324535,0.998626264,0.314925213,0.02655123,1,0.680697858,0.680999783
0.23732231,0.056191568,0.001051465,0.717208041,0.048637692,0.982439808,0.001254779,5.23219E-06,0.968117788,0.134927734,0.896161507,0.861443918,0.404862392,0.992250017,0.002348766,0.118143703,0.00823748,3.435798591,13.05924221
0.93338895,0.904795764,0.013152811,0.01672355,0.257720578,0.919375904,0.001351872,0.000191477,0.978839248,1,0.708041697,0.019600714,0.999999241,0.239541478,0.028725514,0.965293568,0.999850997,0.709218076,12.07285773
0.892482881,0.923085397,0.446006317,0.04687266,0.913299609,0.934744955,0.001585491,0.000246225,0.999531767,1,0.708934755,0.062519908,0.420860492,0.979830829,0.145224386,0.022053859,0.994242704,0.757837683,11.71605563
0.806963414,0.923085397,0.009387261,0.969426742,0.83076025,0.017182906,3.65254E-07,0.005645914,0.998874731,1,0.941420329,0.998522514,0.45241952,0.996771246,0.10648973,0.615605449,0.941116797,0.757837683,6.128221982
0.183855868,0.028896657,0.00271225,0.094957248,0.061954639,0.923838054,0.099760388,0.066357197,0.978565676,0.271567331,0.9650821,0.642689335,0.032906605,0.959406208,0.145268588,0.163004872,0.372605509,0.639638218,18.74244805
0.849625576,0.923085397,0.009387261,0.954569847,0.915476801,0.017182906,0.00261381,0.000246225,0.998874731,1,0.941420329,0.054673715,0.658759853,0.97352108,0.108217851,0.007411025,0.999385377,0.756459601,5.874705675
0.203584771,0.931686557,0.214406965,0.564826793,0.824420898,0.063443741,0.094175584,0.001476131,0.972322265,0.171949887,0.49740639,0.632608414,0.174803485,0.649953264,0.238291981,0.437392066,0.903457759,0.469916272,12.08597951
0.633778325,0.066391434,0.00766975,0.001504162,0.392003796,0.987983425,0.083101825,0.006346819,0.976524945,0.142238711,0.810243853,0.242178347,0.003719554,0.410764466,0.319579652,0.259330692,0.971586017,0.602976926,9.779312346
0.795143506,0.334671405,0.013950319,0.571529836,0.984602958,0.012607452,0.081060396,0.000230202,0.999733886,0.914692937,0.319823983,0.327548419,0.00724152,0.875567478,0.133703523,0.231540982,0.39659357,0.630381164,19.30218265
0.801909299,0.330974294,0.021222848,0.327873958,0.553129467,0.035113168,0.083941221,5.25274E-06,0.999927629,0.063695927,0.017677535,0.038226774,0.02554575,0.977880743,0.394850511,0.920313295,0.957118507,0.614095324,1.427969575
0.397166497,0.370739129,0.028863053,0.087569231,0.04105125,0.172154356,0.002472353,0.01700273,0.823776184,1,0.956240973,0.029773479,0.98530095,0.254002595,0.133618288,0.960838023,0.971216613,0.64551962,3.230178665
0.517340865,1,0.835608917,0.236616879,0.23421615,0.681167786,0.060333936,0.000197564,0.907757683,0.354442987,0.683282301,0.708398688,0.613192361,0.419209735,0.222779585,0.218440091,0.990307106,0.485315832,6.365971813
0.94433428,0.824674653,1,0.050361811,0.976471852,0.11086349,0.004965684,0.04778498,0.120891011,1,0.491856332,0.063293706,0.083284932,1,0.697266034,0,0.979879266,0.79256398,6.756183338
0.571572221,0.133777487,0.725748843,0.879411816,0.951182413,0.997360014,0.052607398,0.003495568,0.958883278,0.091265782,0.906979566,0.289182731,0.055709734,0.984957967,0.033759477,0.463655878,0.55109081,0.63905719,1.916245845
0.418601021,0.953284979,0.347672267,0.508578442,0.656258926,0.607023365,0,0.038971167,0.386231871,1,1,0.699852086,0.318629928,0.271694325,0.393985258,0.235468802,0.578102143,1.027825167,18.17019864
0.153277883,0.860710159,0.006747087,0.236873491,0.753744559,0.820670012,0.055739086,0.003135858,0.403551179,0.019823483,0.841577477,0.690991441,0.163682373,0.979626214,0.781665318,0.191409895,0.962735377,0.548932003,17.24628798
0.257011292,0.990882942,0.02657238,0.214616273,0.220758535,0.005929284,0.072751888,2.67004E-05,0.989999385,0.014021409,0.542546836,0.99819198,0.120055797,0.980118938,0.868481278,0.005634727,0.957489309,0.540544261,2.386063845
0.135762835,0.96982822,0.023133988,0.964152358,0.031578079,0.196970026,0.003952026,0,0.965800319,0.307979682,0.955503968,0.930252855,0.108939892,0.993831481,0.870147014,0.54066219,0.944216269,0.976321988,2.934911998
0.616547637,1,0.001084642,0.001,0.139824962,0.002131853,0.030770779,0,0.321304367,0.128314243,0.740362701,0.475072801,0.407353263,0.039377385,0,0.354189382,0.411422619,0.615094414,8.998745772
0.270979255,0.979611046,0.629079032,1,1,1,0.014679118,0.092335185,0.004790667,1,1,0,0.990663092,0.738152699,0,0.161976241,0.656503015,0.13826459,15.73007687
0.116615603,0.977300273,0.006854391,0.876340214,0.902234232,0.1738263,0,0.000247845,0.984604573,0.332317651,0.777783559,0.949458755,0.187219277,1,0.84866953,0.601366509,0.54962285,0.740884154,0.3113851
0.257011292,0.993572506,0.025138411,0.332539978,0.011445043,0.879229839,0.053256389,3.31515E-05,0.999945575,0.048716296,0.542546836,0.999787034,0.200287217,0.980118938,0.861171098,0.014574422,0.950710558,0.474114453,2.341366474
0.99379811,0.975720599,0.232378629,0.998158682,0.929814142,0.960271558,0.058516592,0,0.383452105,0.024112996,0.482423435,0.998920892,4.55234E-06,0.913140204,0.204125537,0.002081884,0.81422705,0.682253388,5.446923911
0.437423338,0.087803833,0.001,0.877899138,0.048228014,0.871087247,0.019464066,4.71602E-10,0.927784652,0.013730167,0.617090068,0.897835138,0.009636622,0.970063034,0.375174143,0.477597059,0.571348217,0.542017901,11.85267854
0.423331532,0.050648396,0.00565739,0.985303387,0.956374568,0.005755488,0.005885321,6.35899E-05,0.091143949,0.009111323,0.758495632,0.570149253,0.446648153,0.996336256,0.151421098,0.350986369,0.846607368,0.582084053,15.49424233
0.249662964,0.04125852,0.065012513,0.898409254,0.012886159,0.863182803,0.07860744,0.000370941,0.992209038,0.5834063,0.598440673,0.209815332,0.106107733,0.966044376,0.603910393,0.383692849,0.776459269,0.585682197,11.68504007
0.165836215,0.087092098,0.001,0.877899138,0.760365486,0.080122188,0.018616527,2.14249E-08,0.925816901,0.013730167,0.61382535,0.188566968,0.132968731,0.969098386,0.375174143,0.489247451,0.574000298,0.483586849,11.9766436
0.142292063,0.598980165,0.022107506,0.882930051,0.00364139,0.303228773,0.097263129,0.098055428,0.507553183,0.459663579,0.999592425,0.452426729,0.645033553,1,0.945544087,0.559102318,0.948988461,0.677891141,5.328050606
0.895022144,0.479816996,0.001,0.621319887,1,0.863575656,0,0.020300669,0.280445244,1,0.475916796,0.895503979,0.298420358,0.375147721,0.019879974,0.032263659,0.870813372,0.744411034,12.81826541
0.114397766,0.285392857,0.018510691,0.535151195,0.753744559,0.80080027,0.013071085,9.13365E-06,0.403551179,0.979023425,0.838974325,0.485692689,0.163682373,0.999549017,0.887889123,0.209468138,0.971153199,0.710772307,15.90251953
0.701345206,0.162474198,0.006483841,0.621978812,0.790040113,0.312816664,0.09007153,0.003580018,0.992797001,0.001519307,0.951960336,0.996994165,0.880573728,0.894785724,0.050417604,0.521106698,0.99442318,0.63905719,0.695039282
0.166420339,0.008099372,0.001006023,0.459825239,0.008381951,0.199438134,0.087536718,0.001545441,0.678653798,0.001,0.968542603,0.002285996,0.004165951,0.846293851,0.32222553,0.17968071,0.878956134,0.477728219,18.51539829
0.11898673,0.281154945,0.83408056,0.545255277,0.001,0.156818324,0.000326506,0.022049161,0.534212328,1,0.952521423,0.122452184,0.092901572,0.962280788,0.916268127,0.201079918,0.971671899,0.731623211,2.656819105
0.603163406,0.990755798,0.006885516,0.90821346,0.016526894,0.743813958,0.086579747,0.000127504,0.926483843,0.035450803,0.884099132,0.690991441,0.897386137,0.904544506,0.02088707,0.351329571,0.91008736,0.610908372,7.829444237
0.760629575,0.325184525,0.043246089,0.99922506,0.693197133,0.957109489,0.02899537,0.006181605,0.94798463,0.990203033,0.856445469,0.032694226,0.030996677,0.820831019,0.007977914,0.608225941,0.90064578,0.660565733,19.29852949
0.147727601,0.819800794,0.029804671,0.584383911,0.001521372,0.738377556,0.09984289,7.75906E-05,0.893197983,0.964354186,0.693920923,0.656389883,0.165588651,0.892070857,0.09857648,7.61348E-05,0.918101582,0.728423227,6.983169343
0.798395447,0.990882942,0.02657238,0.214616273,0.220758535,0.005929284,0.072751888,0.00343346,0.386839134,0.014021409,0.542546836,0.99819198,0.120055797,0.980118938,0.506692155,0.017523743,0.949436085,0.638881987,2.386063845
0.108916273,0.634762046,0.014707849,0.715768705,0.368779103,0.674842174,0.008080143,0,0.995416345,0.999976653,0.729258667,0.675370084,0.004888939,0.994862641,0.559628173,0.68005013,0.026096902,0.629588654,15.1394041
0.155911246,0.985143825,0.001,0.024041077,0.784147927,0.85480568,0.056078548,0.002671116,0.373782014,0.00204591,0.857550589,0.68639052,0.167045017,1,0.786057987,0.179487195,0.98682924,0.339835769,17.43912441
0.864407767,0.302419994,0.001,0.991089725,0.104684945,0.001,0,0.002986107,0.923226598,1,0.001711604,1,0.240013307,0.838787975,0.090562166,0.995780072,0.347200624,0.403702722,11.44763356
0.365024119,0.850880718,0.001682174,0.234580394,0.805570374,0.999905901,0.054036933,0.003522051,0.958883278,0.104895477,0.852626005,0.80872858,0.05334167,0.998910743,0.115365279,0.002748268,0.86404952,0.612416257,8.73434183
0.142292063,0.277597085,0.856390524,0.525525019,0.003531496,0.222526402,0.097688457,0.00683992,0.487092574,0.14111667,0.578940192,0.459307871,0.037512227,1,0.072198021,0.025909951,0.970243829,0.673268498,2.845411188
0.221337393,1,0.16549136,0.500194771,0.995606204,0.986518048,9.44761E-05,0.099975965,0.260344302,1,1,0.451674096,4.13942E-05,0.489019422,0.982578902,0.228326877,0.612947387,0.825630121,18.13288864
0.564567126,0.985230364,0.811362522,0.327925037,0.927719907,0.227442665,0,0.04497756,0.179873982,1,0.824590326,0.996509105,0.936918685,0.927887172,0.367840945,0.030805673,0.740936393,0.824553233,7.172049198
0.001,0.994309401,0.999753955,0.999424427,0.254865281,0.804373941,0,0.059535812,0.999066473,1,0.925302926,0.373382707,0.119875206,0.933088449,0.087679434,0.998174547,0.871737211,0.470032342,7.361507285
0.425491084,0.050648396,0.007187583,0.999493594,0.956374568,0.005755488,0.009014652,6.35899E-05,0.091143949,0.012462521,0.758495632,0.396573835,0.446648153,0.996336256,0.151421098,0.350986369,0.846607368,0.582084053,15.59783117
0.637642326,0.136687421,0.003394053,0.214616273,0.225733842,0.005929284,0.08680932,0.00010804,0.990578101,0.031853391,0.019867386,0.953529761,0.991997406,0.966914843,0.344184578,0.042270443,0.74437194,0.470662045,2.272031704
0.60136929,0.964904716,0.001082395,0.997863499,0.08907655,0.997342723,0.08030264,0.001736493,0.961147355,0.478686269,1,0.017619668,0.006431855,0.732780198,0.072953931,0.633257784,0.576053185,0.532553108,18.74153243
0.238611536,0.982308279,0.003027639,0.944576484,0.999967596,0.767018538,0.038367309,0,0.812783345,0.004026055,0.904514211,0.215887317,0.117875648,0.945933427,0.734035311,0.954734165,0.772317322,0.413346797,4.127726111
0.732026475,0.954179186,0.001,0.926781511,0.075890833,0.921444115,0,0.000133462,0.903588677,1,7.43213E-05,0.913475218,0.970002788,0.961210538,0.080739382,0.998562105,0.35654859,0.529947288,6.780463593
0.239476519,0.72538222,0.367020814,0.682780746,0.715145512,0.112853418,0,0.001300833,0.99294671,1,0.857947566,0.234521491,0.782123413,0.91241219,0.091298082,0.349424815,0.731622334,0.843162832,19.10357505
0.806131068,0.713824898,0.008888564,0.955271672,0.728428322,0.597737404,0.097494877,9.13601E-06,0.223479903,0.986438736,0.097381666,0.787615316,0.031774447,0.569343309,0.004916453,0.924380025,0.999994012,0.639105708,12.94798821
0.211572652,1,0.119415658,0.869378198,0.321717834,0.010106174,0.075390452,0.001451932,0.008030634,0.898731051,0.507243232,0.002994201,0.157931359,1,0.863670662,0.566152512,0.871165182,0.263260928,1.992570365
0.04753302,0.786461068,0.13534024,0.945589435,0.020239861,1,0,0.022998436,0.937960541,1,0.00253515,0.043231797,0,0.850738482,0.056053589,0.126616397,0.897023099,0.363093151,7.447589679
0.147727601,0.828009002,0.002291733,0.584383911,0.975683844,0.726248954,0.09984289,7.39434E-05,0.893197983,0.938635388,0.693920923,0.665660508,0.165588651,0.904831324,0.09857648,0.064951385,0.918101582,0.728423227,6.225373469
0.713858224,1,0.982849823,0.950030731,0.024923599,0.992273105,0.010358204,0.034546923,0.909863069,1,0.249395316,1,0.171629222,0.962571648,0,0.082443411,0.962431563,0.872630308,7.685859815
0.108916273,0.653238751,0.017866815,0.526857584,0.24172242,0.676411026,0.002169084,7.95649E-07,0.996626795,0.999976653,0.555266342,0.671475367,0.163258698,0.997040429,0.570590249,0.686698635,0.019066379,0.619989193,6.087683399
0.153695696,0.147772577,0.006380961,0.885728702,0.806689213,0.213733915,0.098913797,0.003363349,0.992689915,0.11288248,0.991155406,0.996994165,0.880628187,0.894785724,0.050417604,0.521106698,0.54792749,0.63905719,0.566512115
0.798395447,0.991262021,0.02657238,0.214616273,0.008505576,0.001001784,0.038212357,0.00343346,0.431201616,0.180928546,0.542546836,0.99819198,0.066966445,0.97449239,0.518709376,0.281227926,0.929584919,0.638881987,2.494197719
0.174748112,0.144095161,0.006645081,0.879411816,0.932746597,0.214934505,0.076363357,0.003666055,0.992689915,0.954130037,0.982508399,0.567182615,0.880573728,0.841137411,0.01110923,0.521106698,0.550589762,0.63905719,0.340102067
0.191865782,0.855679703,0.002910212,0.975583222,0.999992004,0.797903899,0.018887495,0.001475541,0.927253496,0.981501455,0.99696877,0.808085048,0.032881591,0.53943148,0,0.476603948,0.99851833,0.538095598,11.72463774
0.142292063,0.598980165,0.007462921,0.882930051,0.00364139,0.291225896,0.097536287,0.098055428,0.507553183,0.459663579,0.992109498,0.445418043,0.645033553,1,0.854195602,0.550628565,0.948988461,0.677175994,5.174039563
0.616547637,0.991822929,0.001084642,0.081763105,0.00172911,0.006975693,0.014428059,1.05744E-05,0.321304367,0.991429056,0.883793282,0.475025408,0.413156496,0.094802666,0.002453586,0.635363055,0.970181167,0.583377188,8.998745772
0.764384722,0.988070271,0.40362233,0.309598965,0.414732444,0.951407847,0.04092178,9.44615E-05,0.950818548,0.660579385,0.287848961,0.847899086,0.474108671,0.761573926,0,0.178587856,0.950907236,0.660001524,16.06633673
0.747066672,0.895615111,0.070816662,0.01608418,0.145140495,0.805551468,0.059296579,3.44386E-05,0.99169725,0.26305655,0.540371382,0.549893643,0.081910436,0.997347574,0,3.11388E-05,0.956781363,0.660001524,4.437621065
0.760629575,0.99639693,0.831889693,0.71738265,0.697978628,0.292073424,0.016164421,6.21192E-05,0.999995816,0.838557913,0.843265094,0.954870839,0.031135428,0.589464186,0.102894537,0.59127904,0.90068324,0.660565733,2.172139082
0.149761863,0.099736712,0.001,0.558952135,0.496802138,0.622821609,0.09976443,0.002219565,0.971446768,0.001,0.608676944,0.713006934,0.259355265,0.977640295,0.349073726,0.269613325,0.610803916,0.327141671,13.75351474
0.97156597,0.008734816,0.32317703,0.999506652,0.914712669,1,0.012173176,0.03527651,0.900709483,1,0.751776139,0.135108506,0.027572842,1,0,0.985273096,0.27589237,0.376000007,14.96906729
0.001,0.827146179,0.023840585,0.891367367,0.744140126,0.889398336,0.002597482,0.000459066,0.992098085,0.992477457,0.932789201,0.834184392,0.813152374,0.851271232,0.952772852,0.533786306,0,13.2998968,0.555314611
0.983432514,0.424883212,0.556351202,0.991248956,0.039607697,0.95046239,0.001173547,0.050881006,0.576973586,1,0.821352301,0.371756476,0.078563868,0.987827055,0.021080734,1,0.037833813,0.821966587,11.74321394
0.929178341,0.291110831,0.591994124,0.899630289,0.734361712,0.857256468,0.012294089,0.003410245,0.958021972,1,0.841802697,0.988824757,0.842558456,0.987485018,0.084834739,0.617597915,0.663775424,0.582427355,14.6074515
0.238637442,0.491739933,0.00565739,0.985303387,0.728934682,0.329893556,0.095887771,0.002984224,0.091143949,0.99515813,0.733744472,0.57133678,0.810392232,0.748524195,0.125343524,0.722618815,0.841086842,0.582084053,1.262417566
0.599496266,0.999736655,0.012127957,0.971532071,0.880854685,0.904500133,0.041423578,0.001457141,0.921200913,0.965683042,0.559220542,0.686928769,0.248367866,0.180894893,0.09680688,0.984383713,0.625996092,0.566966766,7.056518043
0.163345661,0.996601723,0.001963833,0.879038843,0.697510264,0.893307498,0.004478628,0.00370345,0.996729271,0.54508818,0.838995791,0.90038801,0.186825066,0.979263663,0.951412058,0.936305482,0.986114396,0.638802284,1.865662756
0.150096005,0.9713994,0.007057757,0.995022415,0.931347088,0.215559668,0.047928112,9.3574E-05,0.385055124,0.022471717,0.492599381,0.993130516,0.880573728,0.918414829,0.063326648,0.521106698,0.562128459,0.638084637,1.009099805
0.596473183,1,0.022006206,0.93622948,0.023037313,0.21132941,0.075252935,0.003656835,0.982272958,0.681640008,0.563954763,0.573314446,0.172704263,0.80648546,0.705590651,0.075044256,0.973202736,0.638611059,7.11194378
0.334504195,0.416705337,0.742974021,0.576380378,0.938402156,0.01906387,9.42384E-05,0.082176728,0.996869074,1,0.030434716,0.207680796,0.363358135,0.999606066,0.016849003,0.015627903,0.802971058,0.695265116,12.6970933
0.180801405,0.285392857,0.018510691,0.543246366,0.753744559,0.80080027,7.1698E-05,9.13365E-06,0.403551179,0.979023425,0.838974325,0.482471571,0.163682373,0.999980111,0.887889123,0.876883211,0.971153199,0.710772307,15.90251953
0.631913667,0.861701508,0.005750225,0.231892868,0.349766404,0.144149109,0.048124131,0.000548119,0.196403879,0.105029778,0.906189449,0.570149253,0.003555113,0.841470358,0.124704686,0.56681546,0.847281345,0.592878324,8.907776728
0.430254859,0.049309042,0.045248681,0.241869925,0.184576639,0.081704778,0.065690684,0.015269422,0.099662432,0.837369549,0.543092623,0.958606359,0.458547744,0.471467955,0.148578031,0.537064885,0.841534824,0.579915399,1.87821002
0.920190721,0.078131302,0.591994124,1,0.369411167,0.905718405,0.008005746,0.081023481,0.999307898,1,0.845350161,0.156038016,0.559086275,1,0.084834739,0.831053939,0.664151905,0.581252725,18.44647091
0.726932299,0.296982051,0.001,0.861106504,0.150646478,0.001,0.008639523,0.01024604,0.816042744,1,0.069216749,0.891233747,0.228410459,0.813962428,0.001346011,0.83969397,0.40918011,0.570462969,11.28562948
0.242822471,0.172562446,0.001620912,0.243725643,0.185653359,0.999911438,0.043030013,5.40887E-05,0.99911278,0.160249733,0.707659828,0.949799466,0.899201737,0.981600402,0.015528,0.189401108,0.974846311,0.404408265,2.089650064
0.240226926,1,0.078559621,0.39645334,0.025301551,0.725817487,0.052763889,0,0.803338957,0.035198505,0.90356352,0.694774537,0.004737936,0.574316325,0.063946722,0.96272086,0.772317322,0.540839155,7.250049169
0.249329851,0.96892143,0.056636389,0.243725643,0.205974114,0.110860928,0.099531237,1.07004E-06,0.99970131,0.136846895,0.533914101,0.946758862,0.900701803,0.993978834,0.131348525,0.541309318,0.454223067,0.395823343,1.948689768
0.223568669,0.072988087,0.001,0.108790199,0.990548668,0.182973486,0.012013298,0,0.956544753,0.019265996,1,0.966407337,0.205785402,0.904924327,0.901631649,0.014632299,0.591994751,0.567802471,6.193294661
0.14639183,0.997880001,0.233253728,0.994285454,0.780965762,0.960271558,0.058516592,0,0.385305634,0.024112996,0.482333917,0.998920892,0.00417316,0.913140204,0.333131304,0.002081884,0.810751218,0.682253388,5.446923911
0.395294318,0.925161342,0.006847203,0.295955924,0.059840098,0.979692354,0.086579747,0.002787568,0.088224295,0.339859481,0.985024645,0.690991441,0.213273073,0.916033881,0.824547597,0.592342007,0.991696071,0.562731096,7.584300151
